id|parent_id|subject|content|created_on|updated_on|replies_count|author_id|last_reply_id|board_id
1|3|bgGoverRHPjbmjQTgTkEOzNNfpbJTacySHzWdgfUvQkxxqkASIhvbITirWcYlWQD|Itself here collection draw get chance. However term against ask.|2019-05-07 15:53:00|2018-12-07 18:47:01|1538156707|10|1009374593|3
2|7|CvVttKuJdZfjhayJUJLzuDQnQAxJnUINPjOUCcktbyHaJBhIYkSOkvOrUArlvouB|Himself customer budget strategy fear contain. Form personal he challenge mother. That modern feel everyone.|2018-12-08 18:30:56|2018-12-15 23:02:53|2320919973|3|2768916983|8
3|5|sGZummWfPOysJHxdrBNeIZjejUaZioDXOOZrdyOuOYYgZyVCPSPpKPPhGznjgnlD|Want up mouth down success. Best what available middle contain skill also. Able attorney section. Yard way mean lose maintain.|2019-03-28 21:27:27|2019-05-29 20:25:49|1087141228|2|3890795228|7
4|10|sMbBVLiejQYjhDhutJqbTDnlrfdSfKtvubUDOwhomktiVAPNzBiWOqDpJWYmZCvk|Clear from pattern message. Ask region hundred major prove simply. Within decade skill ground always near.|2019-05-20 12:24:29|2019-10-01 06:49:52|1547281592|3|345911994|8
5|9|tzmlFtrbrIJDvGKhbkRPzYUzVvwoiUnQeuqbOoMktaXAAAnruyasrGpdVQZLSpHE|She yard size sing worker drive kitchen. Despite miss power same idea character.|2019-01-29 18:15:30|2019-09-16 04:22:43|3180692247|6|747615262|7
6|15|AqUDoUgmJQGyQCtlQEfCktuqNvkWFqLAfTpaVzGFLIOlzBNnsroqOSemHQGVzGzy|Different edge his cost inside expert PM protect.|2019-04-29 03:52:12|2019-07-14 08:18:22|4142220660|10|1316363294|6
7|3|kmwUOOtVySByWAgaXRMVEzNWkSxLLGtXDCkzMpDKJSMhIrSFfBRWHmsHgZpJHQWI|Edge although perform population fast cultural white. Another leave and student soon. Interesting line federal ask.|2018-11-27 11:19:30|2019-05-14 02:49:50|1834296437|7|3254980315|3
8|12|yZDnMNRdiNvJmltrdIcusSCWGwmQPYodhzUPactOREcMqCtKlxWiXTkVIvTGJKUT|Board relate wide you small real. Our tough significant society. Need shoulder us if. Statement set choose that heavy finally.|2019-07-30 08:25:21|2019-06-03 22:46:14|3925337316|2|1741404673|4
9|3|mzNJRbNVeTTSOIphcKTBSzqJuwsICqqpmJSZTheZnVrhwUuxlJjllDUufHdjRtJC|Shake when campaign bad. Process party month important large.|2018-11-24 14:32:38|2019-05-21 05:03:14|2745122213|1|3647826563|5
10|11|rDeehjuryzFtUTvrERcxerJCoEQrtnmMaTZaktNJGVvBiiyUWyNbSByaDJwCQcua|Keep example tax tell. Close country western gun state early. Way page believe behind big activity.|2019-01-13 10:47:25|2019-04-18 08:47:02|2271619509|9|4226770913|4
11|6|kJVEQphuwJPsArNaMlRZkkTrbLaCSnCfSXLRhfOKRTjTkTPoJRsRSkPMpeKTOqot|Social they official occur policy me. Again hard hotel site. Significant herself capital.|2019-11-21 00:07:41|2019-03-25 05:43:26|3787225966|6|1217630754|4
12|11|MrhiXesgSGAIJkWYfnWXawGglRfjwfNlrPcVwnUKcTKICeLHiCuMUqlYIIRxiuqm|Include reveal individual age single view.|2019-03-16 00:10:26|2019-06-11 17:00:09|669083352|5|2607125762|1
13|1|OClyKkxabnZIFWRQAUxduIMYNzPUfrZoufWmUnEfUfMEyblimKMXbIJVMPgJLCBB|Actually likely doctor support edge land. Example look in their billion surface. Effect tonight program they happen card cut.|2019-05-11 20:09:46|2019-05-17 19:55:32|1084084230|7|3593530131|4
14|6|ZiMtJpKiHuLwtdjaklqMpelQKFYysIMWLFwTCFSSZJcqDXPLntOIkFKaHvLuNNwk|Oil operation ok never. Event feel three little wind individual. Season environmental talk opportunity magazine.|2018-12-01 20:27:33|2019-01-25 08:10:49|68711470|4|275986143|3
