id|title|summary|description|created_on|comments_count|author_id|project_id
1|LIzjYyfKHHrxHvIKzxzkPcqYPGUETmElXAhQyuPBUElBrKytlzxzuarcURUmWeTQ|tgNFCtftOxjeUjhRdQhtLjiYEkAWcqEhtuqAsWBxvenyeMpPPPkGehjlkohxfuMHgaHzcUFrRiHNprwGAqmxYidwnKIxktzyiuTRYVMIDrfvWLadlhFsOmkapCdilLac|Pretty own law special. Although reality result quickly. Adult or style.|2019-07-21 15:35:27|1998986952|4|3
2|PwPbNHfArcCjeSOElmLMbvCzKEMedNdCFJPEjMNdpULjsjudgCrHcAjVeAkPIxPV|nKPdqtRhGydrKKSSmoUkyePTmAGHAcWvVIOOPOCVRtTYtbjcReQUlppGucummjGJpQmFpohvoZtJPLPbtJFjRHaPiWNTdlARjVMSVwUSrNqfvzDcgpBtFlUowxcnJBgT|Manager leave friend responsibility child. Before able doctor down market ahead baby. Director strategy news item free.|2019-08-07 14:47:09|3240755230|9|2
3|ZXqyNkeOWhSlEMEEtMdaGCkFImriNCFhayNQuhdZpmLkKWIPpyxwXkHqMMpETEyd|PqGLhdCPlfBPIwKjaMgPgCWyoCYBKsANqYJzAeYifmVRujXIqANfyJLtiMvYZmUitsUnMTOelehSwTTUivPQQnNUwDzPFwIgYJZUDCRrXgGTIwvSQLXMTMjKdCzzEQCf|We big during can. Pretty young economic knowledge campaign.|2018-12-18 00:20:24|2891789558|10|3
4|pEYIhUFEgnwDELLpvZmMePLLjLjucwByqFeiVwvBcFVEXbFGNILbtfpqrTLXjDBV|sXyDOeVbTDTHfEYqvtczVwBBdbnIIUPDhSaPTLuralKpKUwzeVjCBmZUiLjquJHDcmVcSzJImXiPjdgymiLfpYfKnRtSXZApCYFzBHYVuqtRinaJAzKNPcIkwNxtgVjN|Foot politics structure heavy. Run own address. Determine speak wish add. Go yes age. Enter reduce far catch huge movement.|2019-10-22 19:00:30|3153554310|8|2
5|hpfphonLqFHPpvcrvSLeDHQcOSfqVlxXhvsOLAPEAsAJLKJVLmnsirlOUndlJOLy|GbXjeHFNbPflOuztdxpSXJLNIJGsLFOtcRarOEhpEstGkDIKbJvdgYajTKsqMJwIpsfRYLgudLyWxNsWYFWghrozfBstWXzZVsFJlWPhqYcENQTgMzGHVHzRFIVBepxy|How down send anything then. Impact only baby. Quickly result better four friend.|2019-05-08 03:51:27|2697036805|2|4
6|hpvgRbPPuITqgmXNQKbzmibKYTxhbZxiQgQsYzRCuxNBhMJBYepSoSGncgcqcbpm|cdApedRmaeOZIuqfKvajSPlBzVhTblDSyPmJoVPDUqmeXdJzhbVpTchhVnXeVMFQNFTtcwCYvMWjZYYXGRnFyaBGmLyeeXWrjSbdXkzRnENHdghGyAMpqVyjiKjNHDhx|List wear quickly without huge seek. Magazine music matter car loss front.|2019-10-25 08:09:33|2006173689|9|3
7|eCgwCVWqCYxaGtrbyholTMlJlsHfjyJAmvcfzrxIgkYnuxXGRlxvjyAKgjGVBmKX|JXflkgFaSqdxxqUUdzVrUYzdgKGyurOqBcwLMsINThQeRvygQkqMqEasjsSNzrwLWvQqZQQnsAbPGkDgRjDkJfFstZfeOuzLsctUhfkVGvHsZgbDWKWWTxVUWRUKImNz|Likely television pick per bed career. Authority because fly.|2019-02-09 18:51:24|2159447632|3|3
8|MOTGpwfOXQGHteGmsMFnqvZdbhxWIfKwXoahYNQYGmeZvJAkYiYDXGaWOVwMycQY|viVxChQjxEqSeiQUcfyAibiiNlQRDUfzclONcDrszGrhLIBfhdRPcXTKlCMpAAEwLYEavlAeYptspCBhscUzAZWtFHqKTEbWoBcNupihECKYoODsswuueCaEBFfJQZkD|Everyone population small activity health reveal white. New to former course set listen.|2019-08-13 18:16:55|238860420|5|1
9|bJjpXMmEBvOArkHEIznEwgQxKiGdDnunzBFvUktPmlrqXKrEXibXkeVsEIRxytDy|SnAEmMMRynrkMYRmLrZgEYygEyqptAycrhTcBAsXlKbzkWTDUcRREzTUApUHtcKpBYOtJjSwnnIjvliOsGJtKpVvNUEKAlYAdEfjZgMqnuEYRlJTGWNWrFfESXNCIchs|Song difference argue ready crime go short energy. Family senior just sign.|2019-03-10 03:56:59|1790604350|5|1
10|ocErYDwVpJFlsvncIZbDjxZjCFWafkVprYSNGMDiKFpfRRfkkbKKlwKeqrDMahxe|MdvuqONBcLfLAbVHuaPgfzmWUVGWogYJvtNkpuTZuDQFwkJdpNAFwyKqLdcxAlshYQxEoZmReeYLYPjdNAaqktnTpBiBhrEMcKTbBNclksgDbidzQgUfygfuFajbraic|Describe too article recent cover particularly. Pressure represent determine five learn of produce pass.|2019-02-01 04:01:18|2681098910|9|3
11|oMcHNmcAyWRChpyOlfkArhCKuLDLSiuUxpgrkqkYOwlLNAEzKADNvlwlhwkvqwmv|mVEOHRyMcjClQJFFgwMPRQwLuQSkQnRHEOTnfmOumzOTYJKrvdYoxypdCvBBsblctREYZaGWviWefIlZMwHsbofXusYLIjMrHIYnEyotxmOwhpMFUGrGrfThwnZjFSBs|Feeling scientist plan rather within measure. Husband American anyone century reality. Expert dinner main onto.|2019-02-19 09:01:50|2334604606|6|1
12|XJCIVfQltMYCofUAWoDTnnOkEPtySZRzMXeJIhEbZwTzCPAPvyPKogGpwhGPnnRe|ypdHlVSdQtipNtXLWZZDPiqNxgebBMBpuqyhZoZQCEeabAfbHEBQdQMNndgoFRDJThGYgwlTEbzcKpxxqFcLrdzNOjIbSeeBlaYQQNImSZfokPkjMhLftTPveDYvnzil|Base understand decision hard fine market.|2019-02-08 09:32:26|182436854|1|4
13|nUvwmQbSgyLEsNQehzQDqZbNYJPoFwxEMZdIMKXGvUMcuWLlGUDXpzFFjhDrAxoQ|AidxXVsijZWhjYuGxNyDuwlpeGgnuDWJevHwSERPPvRMotQbpOhXQWwyUskYZJzdWdonpdNGbUnJefXUCEhJsvzybhyKlhGtdQhfjRjnnHPPmytTetaBybYvsWsAtXPW|Probably much and throw risk sea he behind. Certainly political successful to.|2018-12-23 08:58:53|741473126|1|4
14|IDfAzXlrrfhyNRSAbqcQMFdgADUDywbjCiTzBbgatwkbPktuToQskshGvLPiyiYD|iAXrLWDqBHufNBjgURtYXGaUvuNsYcjDcfKbANvWfzRlpuSloYcUainMApKXIVhhEtkzlkEXUTbrAwoHQafAUwuTycPvgTpEjtxIerfLZZfsaJEUBnVbYHoWSdnkpyML|Rule budget agreement society. Bill reality control party political race pull.|2019-06-22 00:32:07|616655575|5|1
