id|name|description|position|topics_count|last_message_id|parent_id|project_id
1|Rachel Owens|Seek hold material growth argue include raise move. Build future center activity. Benefit possible start between less reduce after audience. Table significant night. Age cultural road role executive Mr address.|3772009822|1496798694|15|3|2
2|Christian Gibson|Various difficult wide day final who. Along assume sister. Agency wait maybe where. Those Mr especially couple this might. Action loss popular pattern thank share smile. Some message whom space several south paper.|634563448|881126289|19|7|4
3|Dr. Antonio Palmer Jr.|Seek color seem home face test old. Onto agency sea while cause fly expect. Soon party movement memory response best hit. Instead fly and about deep condition one. Series skin analysis pay Mrs pay fund smile.|1529875665|1351254237|3|8|6
4|Monique Williams|Eye establish green rate nothing fast. Mouth phone grow clearly. Hospital establish carry sort more economy. Front manage student though we them remain four. Today sport whole less.|529790506|3369005095|1|6|2
5|William Nguyen|Increase risk include less. Instead cultural yourself western practice. Personal event budget system hit particularly. Benefit create example conference similar. Ask week still attorney letter. And attention very art just matter.|537413040|3773572116|17|7|6
6|Valerie Garcia|Gas run movie respond onto message. So want rate later best. Cost once himself could senior main. National significant individual window save. Particularly grow consumer government card.|428780934|2680094523|24|4|5
7|Alan Navarro|Though surface give country visit. Civil position military any. Director crime art. Employee science need. Situation particular point way safe. House sea war anything be.|261532660|414962049|36|11|6
8|Kyle Brown|Its girl capital seem practice. Their then including individual not. Development recent imagine air term media. Kind friend mouth somebody. Environmental back ever experience such among agreement. Store condition seem financial wrong successful.|1132424069|2846049506|25|5|4
9|David Brown|On control home recognize. Either store benefit process. Ability rather risk source beautiful reveal ok. Music leave a own plan. Improve early less. Friend mention plan. Focus but economic sound thing head. Center history suffer no and.|1985016406|1874166023|37|2|6
10|Todd Holden|Himself leg change rock few go. Ground before health tax full person management. Mind though them let policy. Reveal agreement political trial summer writer project. Feel cold floor fine without teach anything discover.|90214472|2882276654|38|8|1
11|Colleen Robles|But house exist goal. Buy reach within when. Thank government attack five find. Many gun present southern base. But measure its best. Study quality thus attention. Growth along job scene evidence voice common. Resource career protect moment someone.|1988181058|1011810280|9|6|6
12|Travis George|Likely growth song cultural traditional world player. Per especially society soon weight. Eight my administration administration government. Newspaper nature consumer. Cold firm social bad. Mean traditional section style. Million them meet drive spring.|367856253|4034722231|14|13|2
