id|parent_id|subject|content|created_on|updated_on|replies_count|author_id|last_reply_id|board_id
1|15|ZlnglPsLFRPygaAemIrzOKafcHckHfDrkWmmToZGYMNsJXOFjXuOXNDzWBBQRkUd|Serve billion bed open air. Couple my official me available. Reality machine accept.|2020-04-04 15:17:35|2019-08-11 22:42:40|3193961884|7|2561804639|5
2|38|TVSnWRfaVBXmNUStjwWYfdinTQisidiLVQtaNXyYWTTHhOQzQaLGyRhUluIsDNbV|Half trouble still wall south occur forward. Realize art before that.|2019-12-14 03:21:19|2019-12-29 17:42:37|2786425039|7|2123832040|7
3|23|ZQRKLpDClIOFMRqbljyQipkqMHSJGEQHPJFdJCvJqCdmsowOFjDdobTLlNWTfJrq|Sound hit technology back class idea very. President method generation picture painting maybe worker.|2019-12-01 02:52:07|2020-01-06 12:10:52|1480352674|1|367647199|10
4|24|ZrpVcdaNjzTQvPfaxLznxdUCvuKEiZbOAOdfESiqlLqorakqgFnYlAKSMqifXaLL|Weight leg how because. Money state guess mother various up trial allow. Under quite teach change now.|2019-07-13 09:30:57|2020-03-29 17:17:49|608860001|1|1065670140|5
5|6|zAwekGnGHbcJMFXldbRAkWhFhRXtBMOcnnjAmpXWBuSgZfgYkeSOFVNMvxgXGRmT|Exist be already administration. Southern out significant.|2019-10-23 13:54:24|2019-09-18 21:06:42|2174808297|8|1439964180|8
6|28|bTUNloWUKDNZHUiXNMgLNfasEMsPsaAQobaOCRdWZbouyuUpUcmRmPkVDHrZdARs|Smile here recent today. Story job smile third American require. Parent keep close music concern seat serve wrong.|2019-07-02 02:15:50|2019-07-02 08:08:11|3919522467|9|1592370854|10
7|8|dANYOqymHlcDbqLHYyirgWUreVQLoxWGhFvjMrJvZZuIcIelioLNmakpsHWNZVLv|Politics public tend choice edge. Data sell rich somebody many kitchen.|2019-11-05 17:31:24|2020-04-17 04:43:29|2247314213|4|2103648546|1
8|30|iQxvAgnijAuTZlyITphlyfowtcfUHZAlEvMpKJvnGAATZlcLlOIedpcrWYvZfhgj|Foot measure help special. Best contain consumer make evening green.|2019-11-22 09:18:05|2019-07-11 07:18:58|2141540423|6|4244283617|3
9|5|kaMEMDvRnneVoGKRsgUNqFHtXxNPCAJoYEYtDEGdoSmoTGMWfvBTuDxOkdknYHsg|Central film draw seat between. Pull think public young commercial common according security.|2020-01-06 17:26:42|2019-08-12 14:33:35|1792198229|7|649150596|4
10|2|ZyHTETldOhcuDlXbiLYdPQYrCFazTpgUlFtFwkUzrNHfYmWNfgDVyQqiJlhuLiiz|Away quality like now case meet. Accept religious successful mention success pick.|2020-04-26 16:09:40|2019-06-25 17:31:15|2878364737|8|316296814|8
11|11|SHJrNShWmtoIGBcZkBrCFwyDtrvTmWiMFOxzXoQtAnIDLmqpBocOPgPxtYUAyTkw|Interesting best rate need. Course happen almost respond. Use mention floor.|2019-08-13 02:20:48|2019-10-06 13:16:14|3106788672|6|3379255876|7
12|18|vxbzKVZAZTuRcmOPxVSzrEeAeyDGCEtXjgaeBLApYEArPefnjEkwzChFBGVYAdpG|Myself as respond while say entire.|2020-05-20 20:40:08|2020-03-05 02:18:55|1462525570|2|627862139|10
13|40|jxFkLKlQfVunVHpGYkQqyTtnymRLPMuiVElWilADwxRzdThjEUALhzTiuXRTrhOo|Use writer dinner bit himself including phone. Organization begin whatever. Soon party more.|2020-04-06 13:42:36|2019-12-06 04:28:05|2509064579|5|1283816807|12
14|13|GrHYmuCCiWPdGmUEHsGYGoKiRYxFAuUuJliJaKSqvuBmjXWLLCViAYafQAnCxlmK|Seem source record suggest plan. Sound six over. Role respond join development.|2019-07-19 16:33:19|2020-04-20 17:39:27|3693551584|8|3369813881|14
15|8|hTdvlMDoWOUursWmbtLUenRDcKpzhItYubpdhDcicqCbtcWAzRdclcuRZgfPYnXq|Road easy sometimes. On this pick draw really sister decide computer. Out type sense carry wear significant early source.|2020-01-30 19:11:41|2019-10-04 23:32:55|2401690479|3|2807207398|4
16|38|AMAdbDoErhoNlozdLnMPhdDCpGTjLqyujgxbnDyNJIVnHBlltsUCSSTTDmRHgGjz|Reflect win fire laugh no bad value at. Town and beat become lawyer figure subject.|2020-02-29 03:40:51|2019-11-01 07:21:50|589373021|2|2047694314|10
17|3|uAURQPYyzNDKsZPrywZuYTnPGGhGNkXWaVSGdAXdFdpjxfdJNLQpmLgaTUrNEbyW|Car until by friend alone prevent. Lay animal public go year cultural issue. Describe open institution instead few.|2019-12-07 18:47:45|2020-02-04 09:12:26|983109995|10|927191383|14
18|27|tJtyuZwXTszpdGXytAXepeCYxRLVcrVNRubDUXCIncoiSbosskEStRcVmbEBxIJP|Entire data type fast eight pretty mean. Become short ten data. Fall reveal world care somebody child blue word.|2020-03-28 10:37:33|2019-12-04 17:44:56|2103909516|8|176791857|14
19|40|pwpHXYyUBCBYgymjuOfgDvooALmuSHyAAQyxuxLRCrnZAOZeWkulaUsANDTxhOuY|Relationship policy you audience successful. Class fill area try leg. With long standard responsibility each sea religious.|2020-05-18 11:33:21|2019-07-27 23:18:13|3700736344|10|1693261107|3
20|32|xJrHYHtcZjcxTPGsadkbqEvosCzUvYouvdAnKGtlfABGOamOcAulNZvvAjKramaf|Idea rest agent. Mean evening personal rate expect American.|2019-08-27 21:13:42|2019-12-12 02:09:41|2012159441|5|1575501658|4
21|22|ONaMPTxQzkgmrGXVsJlRvrnoVsajDDiDszErtatVYlMztnfqDcyKfIaOLjPUMLeu|Ten west boy play audience. Week chance now less enter answer hospital. Agree several teach size. Simple teach yard measure.|2019-07-20 14:43:24|2019-06-04 18:53:10|208162616|3|235979367|2
22|8|vilHGOMljHBGECGeRZXMpZXnyoVJFoQRnKLWJQQfvifyNYoRAGqpDHJpnzTLyKAg|Player one yard weight picture reality military. Stock store cover bill this. Most card professional movie Mr space gas.|2019-06-09 07:28:47|2020-05-13 02:18:06|3785605662|7|2905629388|4
23|36|SkeJUmVjsYnIyxTHaxbUEIdqQozhwZdKNcqXGERmmeDcjjCBEytYfmBqEWIBqIaA|Same make ask through. Give weight prove wide something mouth. Just gun boy onto they keep.|2019-06-08 20:55:25|2019-06-06 09:15:15|2049536197|6|3378902216|9
24|28|BdGCbQUyMWoXXZMSpnfvvvBRoXuWcagmHpNhPgDEPBbjYxInJyhJZprYMiydPZcr|Wonder become accept pick. Involve if gas less that should note.|2020-02-25 21:29:43|2020-04-09 18:38:13|2509017585|1|3298521843|6
25|20|GRzBpfCFlQKhiXtdWibrYyghHkzxxzSYpvmcLDPEAiAwTzoMbaUuhsmsLAoPfVcN|Image detail marriage defense view recognize by. Mind call pay yard adult. Our truth one half sound.|2020-04-17 02:45:17|2019-12-21 14:55:04|865119766|2|3463577173|1
26|40|WGfvauYYKSlPCxZGxFbYOwCGEChtdGXDOudJPqGfxEeqHlMlvktoEIpjXyAdEgDO|Yes without north political certainly. Several my around action purpose military fire.|2019-10-12 23:14:56|2020-04-21 06:05:38|1987376924|1|3781244415|11
27|40|qEtAzybXojWoqvyOdOUXjXkpMWvrcHEgZBtRBnFvcxLrbhCyJecAHnqvZkfcHaNT|Short big light government. Really during the PM show meeting enjoy.|2019-06-26 09:53:56|2019-08-24 09:12:15|1155051950|1|809119174|13
28|18|iuoRfIByBnpgmKWDvZeLPEjHEnfeifyQaHTXWSFMqgIPHIbsvBseWGiUUKDsdrwM|Trial total early new live front. Body whose race. Sing such another attack. Imagine table make despite whole spring.|2020-03-15 16:50:19|2020-04-12 01:19:04|2006698704|7|2416924932|11
29|30|TyIGLjTBsKZQCedbEoUmAmMJcDxSGGOfWgsOrgKDdYZubMSOGefiCAxhNVGVcQST|Environment three usually wrong direction. Year yourself break chance throughout.|2019-10-19 17:26:48|2020-02-27 02:02:07|1002725213|4|2001314075|4
30|27|oJiPyyklYsuKtFfgEPpfJBXElbyChzzFEJjbJknupGKYhXEQLnffrOSMcdSaliTG|Reveal table idea age these plant view. Program structure field computer wind wrong tend. Weight realize make about.|2020-04-16 22:08:14|2019-09-01 08:41:02|1855805938|8|1144971552|5
31|13|AjnftAMvXzibMfBfztETZIDDgimZgkuezkziLczsdoLzAfsKILwWJdndKxINjaFd|Section guess goal rock company visit assume. Strategy represent message ball. Wear between decade force store bar wait.|2019-07-03 08:52:27|2019-08-26 18:10:27|3560216233|6|3110043281|6
32|22|exgybBKySRDFQkTSKoBDtUgJieUcqSjVLBNqjFXzMXqTVYOoAyKZyeswdBKNoDtr|Show area sign consider still education give throw. Daughter official nature dark my.|2020-04-29 18:40:33|2020-02-12 12:03:33|4286934358|8|1487504122|8
33|33|XBoYwgbRvZpowdbbMWfaMtbxKRmQwGrwMGLRkQkyvqAOmjAklrnIOKncHgbaghkd|Huge everything daughter money future fire. Mission debate reduce bar stop check behind.|2019-06-22 03:53:57|2019-08-08 17:07:35|1032131560|9|226061785|5
34|9|KyPVkvHpFuxRVYlrBfgUSxSctgPjoGVgWEKVrzMAxiOvIRUKMQagrTHNbvdRBnSm|Next meet can professor message her pattern. Describe spring behind member check pass trial. Too happen hundred simple deep.|2020-01-09 02:46:04|2019-09-22 16:55:00|940279674|2|3729766998|2
35|13|pTTaJCrrJkfBnVqrzjXeayWxrztTJHgsTxdZOZRcWouFdRRBHtNYQKHVqCvefopi|Poor consider federal share dinner mean. Cover daughter answer health mother. Foot consider song yard thus message case.|2020-05-20 18:44:42|2019-10-15 17:19:10|2997226426|8|459743450|6
36|37|hGyxRurpWaARyShrdUmHFLzXUDUzGdpYQdhWiCjXtmqnrGhLQSuaspiUhfmmyKXO|Move article choice put. Trade can item still. Important peace who road.|2020-03-30 16:48:50|2019-12-05 12:09:31|993307930|8|1601121784|12
37|9|LFClwBmfqRTNBwESNhfXFenveCEiOfofsVMnIXqnWJCMMFOSyumZiwnFBAJVpzFX|Weight story fish all minute good firm. Pretty later age leader five popular strong. Surface do resource series dream.|2020-01-28 03:34:08|2019-08-02 18:05:20|3070933507|9|308809222|3
38|35|zLxYYvgzrbuVtdttomqFyITuGstdmUwUhEYExUQroyfylYlRFCzvwMIGnxaLHxNi|Race number fill certain. Nor behind among your central. Game oil bring western somebody. Beyond raise pressure.|2020-02-28 09:53:40|2020-05-25 06:31:21|3282258224|6|360081292|7
