id|title|summary|description|created_on|comments_count|author_id|project_id
1|jaSwFDPUPfhnImoZZYlBYlBTkPETKzKFQrvmTFEsgPRWODXSCgzsDxnyMAEDinjy|MiAfTFhenbvQFAncauqZgvKPSIqpBNOOVdjDQfTCxmumoZjOAyBWNSYQHObKiIFjorJjQLyGHIgSwtfdqBSyrqKsTwkKCOplYkgXEWFNsBgLkfNcCOvgugVNIZGdWoXf|Seven then expert only generation say. Above stop cover relationship when. South computer stay result.|2020-03-24 14:07:47|3662573170|3|2
2|GnHyuGexlXuPwTxYoFLXdzXXNQjeQlmScbcpprEWWqYUiMtsaWhDrvPWHYdGLLiZ|uIUcHafCDcehHFuZzMYIzbKRfqVYcHLadmCfjIMrTiMhktrJkPIpPwNywgSSwPdwqcezhpFEiCmxRJSvUuoPVwdEdxZDiaEZoVBIzjhjdpVgrVCCnGUrvcbUUFxNEDKt|Movie cultural bag key hear meet that. Friend less rate across customer always. Special open join friend another foreign.|2019-08-20 07:55:15|78650412|8|5
3|xSpPorUZEtIDILPmOjctQZUJGckgDZZvYwwWYuGmTOLJAwsCqLhICCgEXeLLUARJ|qozbXejsddfkjaaOYRoQGBxquwcoRYUFPwvtjEtZmhLNygmAZIqSgUjmlfmbyDmXVdUqPFUjHpnGhiKDqbunZxxESfvjLnzKTUoBSOBYWoSjOiCNZScJppgYjRNIAiJO|Anything crime remain but center. Impact yeah evening walk cut group morning. Policy response she charge oil nothing.|2020-04-29 12:52:46|102905599|5|3
4|dkmikuoQFZCTWJHepaaJRXVZgdpOYEMUucmFEOkReRfwlqAdnOIlAJqJmtZGoZcK|wJyVyeZordwyCmJKuNZgPoYGFHTIiyIIwXpwcElKVhuBfRUCgyAwUzalJTXRpogNGoVXbiLUWHMvHxBaBMCjpGrbwyIrqfobTqgkkAhVCTzsYXUvaMbPgWIVHvuFInuE|Which treatment air nice catch. Case music man lose knowledge. Upon rest leg each.|2019-11-10 07:44:42|434376845|2|6
5|UfmdnHJjxKDgdJXBQkKAQVlzKuDWCmXpdOfaYHCeoiWtWVuQSKQmHCoDcuEHcFFA|DrIPQwEIoTwbxYetdlCnFnBkufPivoteqCTXfCWRrogmSzsVBNazwdOvbUzrqutbLcKWtjrkgUJPUUoAZjWCFXvhOFWSKvfSYpYTuENlOlAAipnphdsVexcdyysmYxUa|Turn house check describe bar price huge computer. High Mrs hotel four challenge point.|2019-08-04 02:18:55|3454991535|4|6
6|fosVtvqxEqizWsLrcvnxBakfsDphSithdqxqmxnTmOuaQVyAnptwUgpEvAWgxxAX|hoMnpazUcsBlwtbvFLprllIAogsGsnpkTTagoAzQwZsTlAGYvoXhWGGKmSgreqoYepWgStVplOUlCzcnahlaJMeevQlWvllmoqwRMqStGQryRtiWxdmtZxGkUuWOELag|Far machine character decade project eat. Whose population opportunity stock test. Somebody home center food author price.|2019-07-22 12:42:32|1037536712|10|6
7|KaUweqVYVxdEoQnHHggTCDaFJCNGAhgVGohtSHfNUkcLtGdFRpRfmgLEYxRzTkgQ|DwxsBDTysXeJfiQDDwVAcJMHYvHjEbicATmZnIfqmLdTtvBSKRuheFyYMqCVNmeWdMcAnnAojpTkcgJYFdZaETppyjwXYaTymcCzACHNGKIFpOtiQJGohhRvVYOHlWEF|Probably might season require organization dream. Animal mention focus suddenly technology season.|2019-06-03 08:23:02|2490552413|1|1
8|QZSHFWEROJohcIvJdNsGDylSmVTIiCgCzwfeykdgZUdoNYrDgATvXXwwtOtqNJZm|DiarsiQBRqCKQUrBYZKStjySfRNynvLOSLjifcDjgjMGpNkAtsPUGzRSeyVMDUwoMiBMrbgpdeyzHFKezjPbJWaNGmfCPlvYvbpllokHaWndXEmBRxfoHJdnFJJqijCU|From window hair until that southern event. Share rather art head authority decide.|2020-05-14 14:10:39|1587709203|3|4
9|bHRQJsNHXiBGDxvaZfshXZYHnMlsDXPnbIjOMLuSgLpmWVYRGYreGtodAHbdvYKb|fPMooDXNThplJjloFqMmUxYsiRVZHvFQrtLCTYYOWabjEUwwCznXObSabIxxAtHaelOqJXWilxEUyFQdQthuVeeDBuslYbDSEMvvXDHOYObKxqsTUPXNIrmdHzrgcmPf|Fact audience painting ok able. Protect TV turn enter happen program fill. Popular resource character feel do thousand.|2019-10-18 12:09:43|457315566|6|1
10|NJYLcPqqHcTkjJLffPpiESPylLfeAtujOkasBmwQxSXNKBLSxKRaTbvgoxrrfubB|NAHYpKcQuMHKFiZkUIQdHsjVrJJaIfmsfMhqUkNBWpwSfEDaJkiAiVQTvITovhSftUjWEhBZRObpsbcRDOqLiSyYHYHlVXbBmGTKvMFfiMYpMLbvTfFDKqcJdQnvdxmj|Ground employee score here help will effort field. Billion hand particular fish agent control from.|2019-10-21 19:40:04|3885636107|4|3
11|GHLYZLBXuSfTsVgRDMrHnflCFaJXDNvqZrvRYxKHFwQzULQKMFreNRajNhDxvWLd|lnQlAzrhsAEjFkULWXOhkSfZCmwtwrhObDKEOBaWVxguVqQMGithLpybvfZIPvMDywGvvmzMenudhkyyTJAcxlGDNdNOCTNmYmwwryHJmDPEpJDOOqvOemwaRuybaBkg|Risk discuss present mouth. Gun similar report wish single.|2019-06-30 23:57:39|1691337975|4|5
12|jRnlhWTSkXXamfLnlyqZSkkukuTKGQRaHHMTLoomaxuCAmMhIByMflCzHZzNaccu|KKGgZGsIxDjTJqpmqenAXlFULmJCApPZWfzbkBIuDNDioHuSPGmBnKaqGSTAeNJwYGtikyUhhsTVUTMTiaKTrYBwHxcKWYXWWIwbrZQrBQNKXcTBBwYNwZwvWEjIEPNA|Push star stage kind behavior let boy. Region every decision note explain enough mind center.|2020-03-03 00:18:46|1424020707|8|1
13|tNorRlaodZuIWRPYvAUzRhubWbxVNTyzgwlUMAvSoJrsXZCERBFHocxSpSVDVEoz|hLdpMXVQsLQcNCJtunukxTCrgZumrbwZrlkLItleQKpuhjyMzWEgJqiqhbCaKiGAJJwryrVcDZaNvfNEkOvtgNVKrkLHwqWgefEQmpaIyATXRZQJymgCPnDXzCVLybfz|Marriage her million brother so where. Claim yes themselves simple realize stage cause. Policy head task along window.|2019-11-08 07:58:41|3851698789|10|6
14|ArOzWBCqyhCaGhWaVnVslXvZHEHiEiwjTuzdswxMrdcixtcdbQwNnfCJWDztyCbP|lNvehxZTzjrRxVQvmtpveOEpydKJNINyNcChrRKSZiRgYMXkuZRNxsfltEAcLwRoRQYwAEriDvvwAkkWMfJVjNVXFZtmwkJwNGiGkXyvLjRZmHhkdsqsePeADntKQWGk|Practice art challenge join ready too church sure. Either upon animal relate doctor. Claim school thousand many more.|2019-06-10 09:46:47|1436094708|8|5
15|lqKeFxUDcEyEAUmdcdjxxKUGyWRlFLYOrDSkYpggcAOSCTrfDJQWnsejdtPpKnNS|GbpbFSrffeyRmlKGarZBtYyCLnSAFAYdMoSNkdheOwBtWsoJxoLGDtIBTBHUlHBkxksKowANwCKkRhkzkEoyBXKwkfqjJPRABBPtTiomFDfkyjBxWnxsgACVeOJhqMTX|Language sport science team eight north north. Sister the mouth.|2020-02-16 01:31:18|134663712|3|3
16|PzPkzgNxOYVSwpARwHigmjODOBylCeouuumqcRujbIFXyHAWgwiivjwkNCvIBwoY|nJrmTpuGVcisjBPuPAoDzUZUzmEICleemUbtPCnkJJeIPHvSqrdksabgaFMxZxfpYsHXRAHoAotXQeAccUclgoxiuFDzfpITndSVbykAJuvnICbiYfVAaHmmhWDucbUu|Imagine to yes upon policy. Interest serious behavior whatever bag.|2019-07-09 00:16:34|2314732958|4|5
